Video,Frame,Name
v2.mp4,330,筠兒
v2.mp4,345,筠兒
v2.mp4,360,筠兒
v2.mp4,585,Yanny
v2.mp4,585,Candy
v2.mp4,600,Candy
v2.mp4,705,Michelle
v2.mp4,705,Stella
v2.mp4,720,Michelle
v2.mp4,720,Stella
v2.mp4,855,Yanny
v2.mp4,870,Yanny
v2.mp4,885,Yanny
v2.mp4,915,Yanny
v2.mp4,930,Yanny
v2.mp4,960,Yanny
v2.mp4,960,Jackie
v2.mp4,975,Jackie
v2.mp4,975,Yanny
v2.mp4,975,莎莎
v2.mp4,990,Yanny
v2.mp4,990,Jackie
v2.mp4,990,莎莎
v2.mp4,1005,莎莎
v2.mp4,1020,Yanny
v2.mp4,1095,Candy
v2.mp4,1110,Sinnie
v2.mp4,1110,阿蛋
v2.mp4,1125,阿蛋
v2.mp4,1140,阿蛋
v2.mp4,1155,Day
v2.mp4,1170,Day
v2.mp4,1185,Day
v2.mp4,1200,Day
v2.mp4,1260,阿蛋
v2.mp4,1260,筠兒
v2.mp4,1275,阿蛋
v2.mp4,1275,Yanny
v2.mp4,1290,阿蛋
v2.mp4,1290,Candy
v2.mp4,1290,Yanny
v2.mp4,1335,Yanny
v2.mp4,1350,Yanny
v2.mp4,1410,Tania
v2.mp4,1425,Tania
v2.mp4,1440,Tania
v2.mp4,1455,Jackie
v2.mp4,1455,Sinnie
v2.mp4,1470,阿妹
v2.mp4,1485,阿妹
v2.mp4,1500,Jackie
v2.mp4,1515,Jackie
v2.mp4,1530,Jackie
v2.mp4,1530,Yanny
v2.mp4,1545,Yanny
v2.mp4,1560,Jackie
v2.mp4,1605,Zoe
v2.mp4,1605,何佩
v2.mp4,1620,Zoe
v2.mp4,1620,Ashi
v2.mp4,1620,何佩
v2.mp4,1620,丁丁
v2.mp4,1635,Ashi
v2.mp4,1635,何佩
v2.mp4,1650,何佩
v2.mp4,1650,Ashi
v2.mp4,1665,何佩
v2.mp4,1665,Ashi
v2.mp4,1680,何佩
v2.mp4,1695,何佩
v2.mp4,1695,Ashi
v2.mp4,1710,何佩
v2.mp4,1725,Ashi
v2.mp4,1725,何佩
v2.mp4,1740,Ashi
v2.mp4,1740,何佩
v2.mp4,1755,Zoe
v2.mp4,1755,Ashi
v2.mp4,1755,何佩
v2.mp4,1770,Zoe
v2.mp4,1770,Ashi
v2.mp4,1770,何佩
v2.mp4,1785,Zoe
v2.mp4,1800,Zoe
v2.mp4,1815,丁丁
v2.mp4,1830,丁丁
v2.mp4,1845,丁丁
v2.mp4,1860,Yoyo
v2.mp4,1860,Ash
v2.mp4,1875,阿蛋
v2.mp4,1890,阿蛋
v2.mp4,1890,Sinnie
v2.mp4,1905,Day
v2.mp4,1920,阿妹
v2.mp4,1935,Day
v2.mp4,1950,Vicky
v2.mp4,1965,Day
v2.mp4,1980,Day
v2.mp4,1995,Day
v2.mp4,2040,Yanny
v2.mp4,2055,Yanny
v2.mp4,2070,Yanny
v2.mp4,2085,Yoyo
v2.mp4,2085,Ash
v2.mp4,2130,筠兒
v2.mp4,2130,莎莎
v2.mp4,2145,莎莎
v2.mp4,2160,莎莎
v2.mp4,2175,Yanny
v2.mp4,2175,莎莎
v2.mp4,2190,阿蛋
v2.mp4,2190,Jackie
v2.mp4,2190,莎莎
v2.mp4,2220,莎莎
v2.mp4,2310,筠兒
v2.mp4,2325,筠兒
v2.mp4,2475,Yoyo
v2.mp4,2475,阿妹
v2.mp4,2490,Yoyo
v2.mp4,2505,阿妹
v2.mp4,2505,Yoyo
v2.mp4,2505,Ash
v2.mp4,2520,Ash
v2.mp4,2520,阿妹
v2.mp4,2520,Yoyo
v2.mp4,2535,阿妹
v2.mp4,2535,Ash
v2.mp4,2535,Yoyo
v2.mp4,2550,Yoyo
v2.mp4,2550,阿妹
v2.mp4,2550,Ash
v2.mp4,2565,Ash
v2.mp4,2565,阿妹
v2.mp4,2565,Yoyo
v2.mp4,2580,Day
v2.mp4,2595,Day
v2.mp4,2610,Day
v2.mp4,2625,Day
v2.mp4,2640,Day
v2.mp4,2655,Day
v2.mp4,2670,Candy
v2.mp4,2685,Candy
v2.mp4,2700,Candy
v2.mp4,2730,Day
v2.mp4,2745,Day
v2.mp4,2820,May May
v2.mp4,2820,3 妹
v2.mp4,2820,Christine
v2.mp4,2835,May May
v2.mp4,2835,Mei Mei
v2.mp4,2835,Christine
v2.mp4,2835,3 妹
v2.mp4,2835,Stella
v2.mp4,2850,Mei Mei
v2.mp4,2865,Mei Mei
v2.mp4,2880,Mei Mei
v2.mp4,2910,Christine
v2.mp4,2910,Mei Mei
v2.mp4,2925,Christine
v2.mp4,2925,May May
v2.mp4,2955,Stella
v2.mp4,3000,Christine
v2.mp4,3000,Mei Mei
v2.mp4,3015,Christine
v2.mp4,3015,Catrina
v2.mp4,3015,Stella
v2.mp4,3030,Christine
v2.mp4,3030,Catrina
v2.mp4,3030,Stella
v2.mp4,3045,May May
v2.mp4,3045,Christine
v2.mp4,3045,Stella
v2.mp4,3060,Mei Mei
v2.mp4,3060,May May
v2.mp4,3060,Stella
v2.mp4,3075,May May
v2.mp4,3075,Christine
v2.mp4,3075,Mei Mei
v2.mp4,3090,3 妹
v2.mp4,3090,Stella
v2.mp4,3090,Christine
v2.mp4,3135,Christine
v2.mp4,3150,Christine
v2.mp4,3180,Yanny
v2.mp4,3195,Yanny
v2.mp4,3210,Jackie
v2.mp4,3210,Yanny
v2.mp4,3225,Jackie
v2.mp4,3225,Yanny
v2.mp4,3300,Candy
v2.mp4,3300,Jackie
v2.mp4,3300,筠兒
v2.mp4,3315,Jackie
v2.mp4,3345,Candy
v2.mp4,3345,筠兒
v2.mp4,3345,Jackie
v2.mp4,3360,Candy
v2.mp4,3375,Tania
v2.mp4,3390,Ash
v2.mp4,3390,Tania
v2.mp4,3405,Tania
v2.mp4,3405,Ash
v2.mp4,3420,Ash
v2.mp4,3435,Ash
v2.mp4,3465,Ash
v2.mp4,3540,筠兒
v2.mp4,3555,筠兒
v2.mp4,3570,筠兒
v2.mp4,3585,筠兒
v2.mp4,3600,筠兒
v2.mp4,3615,筠兒
v2.mp4,3630,筠兒
v2.mp4,3645,筠兒
v2.mp4,3705,阿妹
v2.mp4,3720,Yoyo
v2.mp4,3720,阿妹
v2.mp4,3735,阿妹
v2.mp4,3735,Ash
v2.mp4,3735,Yoyo
v2.mp4,3750,Michelle
v2.mp4,3750,Vicky
v2.mp4,3765,Michelle
v2.mp4,3780,Emiko
v2.mp4,3780,Vicky
v2.mp4,3795,Vicky
v2.mp4,3795,Michelle
v2.mp4,3855,Yoyo
v2.mp4,3870,Yoyo
v2.mp4,3870,燒賣
v2.mp4,3885,Yoyo
v2.mp4,3900,Yoyo
v2.mp4,3915,Yoyo
v2.mp4,3930,Yoyo
v2.mp4,3945,Ashi
v2.mp4,3945,何佩
v2.mp4,3960,何佩
v2.mp4,3975,何佩
v2.mp4,3975,Zoe
v2.mp4,3990,Sinnie
v2.mp4,3990,筠兒
v2.mp4,3990,Candy
v2.mp4,4005,阿蛋
v2.mp4,4005,Candy
v2.mp4,4005,筠兒
v2.mp4,4005,莎莎
v2.mp4,4020,阿蛋
v2.mp4,4020,Candy
v2.mp4,4020,Sinnie
v2.mp4,4020,筠兒
v2.mp4,4035,Ashi
v2.mp4,4050,Ashi
v2.mp4,4065,Michelle
v2.mp4,4080,Michelle
v2.mp4,4095,Tania
v2.mp4,4110,Tania
v2.mp4,4125,Ash
v2.mp4,4125,Yoyo
v2.mp4,4125,阿妹
v2.mp4,4140,Yoyo
v2.mp4,4140,Ash
v2.mp4,4140,阿妹
v2.mp4,4155,Yoyo
v2.mp4,4170,Yoyo
v2.mp4,4185,Yoyo
v2.mp4,4200,Vicky
v2.mp4,4200,Michelle
v2.mp4,4215,Yoyo
v2.mp4,4230,莎莎
v2.mp4,4245,莎莎
v2.mp4,4260,莎莎
v2.mp4,4290,Candy
v2.mp4,4305,Candy
v2.mp4,4320,May May
v2.mp4,4320,Vicky
v2.mp4,4335,Vicky
v2.mp4,4335,May May
v2.mp4,4350,May May
v2.mp4,4365,Yoyo
v2.mp4,4365,Vicky
v2.mp4,4380,Yoyo
v2.mp4,4635,Zoe
v2.mp4,4650,May May
v2.mp4,4650,舒文
v2.mp4,4650,Christine
v2.mp4,4665,May May
v2.mp4,4665,3 妹
v2.mp4,4665,Christine
v2.mp4,4665,舒文
v2.mp4,4680,May May
v2.mp4,4680,Christine
v2.mp4,4680,Vicky
v2.mp4,4695,Zoe
v2.mp4,4725,Jackie
v2.mp4,4725,Ariels
v2.mp4,4740,何佩
v2.mp4,4755,Yoyo
v2.mp4,4770,Mei Mei
v2.mp4,4770,Michelle
v2.mp4,4830,May May
v2.mp4,4830,阿妹
v2.mp4,4860,Candy
v2.mp4,4860,Zoe
v2.mp4,4860,筠兒
v2.mp4,4875,莎莎
v2.mp4,4890,Candy
v2.mp4,4920,May May
v2.mp4,4920,Ashi
v2.mp4,4950,莎莎
v2.mp4,4965,莎莎
v2.mp4,5025,燒賣
v2.mp4,5040,Michelle
v2.mp4,5040,燒賣
v2.mp4,5055,嘉嘉
v2.mp4,5070,嘉嘉
v2.mp4,5070,Stella
v2.mp4,5085,Stella
v2.mp4,5085,嘉嘉
v2.mp4,5175,3 妹
v2.mp4,5280,Ariels
v2.mp4,5295,Yoyo
v2.mp4,5295,Mei Mei
v2.mp4,5310,Michelle
v2.mp4,5370,莎莎
v2.mp4,5370,Christine
v2.mp4,5370,3 妹
v2.mp4,5760,Yoyo
v2.mp4,5775,Yoyo
v2.mp4,5790,Yoyo
v2.mp4,5805,Stella
v2.mp4,5805,Michelle
v2.mp4,5820,Stella
v2.mp4,5820,Michelle
v2.mp4,5835,Stella
v2.mp4,5835,Michelle
v2.mp4,5850,Michelle
v2.mp4,5850,Stella
v2.mp4,5865,Yoyo
v2.mp4,5865,Ash
v2.mp4,5880,Yoyo
v2.mp4,5880,Ash
v2.mp4,5895,Ash
v2.mp4,5895,Yoyo
v2.mp4,6660,Yoyo
v2.mp4,6675,Yoyo
v2.mp4,6690,Yoyo
v2.mp4,6705,Yoyo
